{
  "controller/Object-dbg.controller.js": 1617025376487,
  "controller/Worklist.controller.js": 1617025376487,
  "model/models.js": 1617025376491,
  "model/formatter.js": 1617025376491,
  "manifest.json": 1617025674853,
  "controller/Object.controller.js": 1617025376487,
  "controller/NotFound.controller.js": 1617025376487,
  "controller/ErrorHandler.js": 1617025376487,
  "controller/BaseController.js": 1617025376487,
  "controller/App.controller.js": 1617025376487,
  "Component.js": 1617025376487,
  "manifest-bundle.zip": 1617025674861,
  "Component-preload.js": 1617025675070,
  "Component-dbg.js": 1617025376487,
  "model/formatter-dbg.js": 1617025376491,
  "controller/Worklist-dbg.controller.js": 1617025376487,
  "i18n/i18n.properties": 1617025376487,
  "controller/NotFound-dbg.controller.js": 1617025376487,
  "controller/ErrorHandler-dbg.js": 1617025376487,
  "controller/BaseController-dbg.js": 1617025376487,
  "controller/App-dbg.controller.js": 1617025376487,
  "model/models-dbg.js": 1617025376491,
  "view/Worklist.view.xml": 1617025376499,
  "view/ObjectNotFound.view.xml": 1617025376499,
  "view/Object.view.xml": 1617025376499,
  "view/NotFound.view.xml": 1617025376499,
  "view/App.view.xml": 1617025376499,
  "test.html": 1617025376499,
  "index.html": 1617025376487
}